{
  "test/testsuite.qunit.html": 1733955061498,
  "xs-app.json": 1733959610818,
  "test/integration/pages/RisksList.js": 1733955061498,
  "test/integration/opaTests.qunit.js": 1733955061498,
  "test/integration/FirstJourney.js": 1733955061498,
  "test/testsuite.qunit.js": 1733955061498,
  "test/integration/pages/RisksObjectPage.js": 1733955061498,
  "manifest.json": 1733956529685,
  "Component.js": 1733955061498,
  "test/testsuite.qunit-dbg.js": 1733955061498,
  "test/testsuite.qunit.js.map": 1733959624486,
  "test/integration/opaTests.qunit-dbg.js": 1733955061498,
  "test/integration/opaTests.qunit.js.map": 1733959624482,
  "test/integration/FirstJourney-dbg.js": 1733955061498,
  "test/integration/FirstJourney.js.map": 1733959624490,
  "test/integration/pages/RisksList-dbg.js": 1733955061498,
  "test/integration/pages/RisksList.js.map": 1733959624485,
  "test/integration/pages/RisksObjectPage-dbg.js": 1733955061498,
  "test/integration/pages/RisksObjectPage.js.map": 1733959624485,
  "Component-dbg.js": 1733955061498,
  "Component.js.map": 1733959624486,
  "Component-preload.js": 1733959624561,
  "Component-preload.js.map": 1733959624562,
  "test/integration/opaTests.qunit.html": 1733955061498,
  "i18n/i18n.properties": 1733955061498,
  "test/flpSandbox.html": 1733955061498,
  "index.html": 1733955061498
}